-- phpMyAdmin SQL Dump
-- version 5.1.1
-- https://www.phpmyadmin.net/
--
-- Host: 127.0.0.1
-- Generation Time: Jan 19, 2022 at 09:02 AM
-- Server version: 10.4.22-MariaDB
-- PHP Version: 8.1.1

SET SQL_MODE = "NO_AUTO_VALUE_ON_ZERO";
START TRANSACTION;
SET time_zone = "+00:00";


/*!40101 SET @OLD_CHARACTER_SET_CLIENT=@@CHARACTER_SET_CLIENT */;
/*!40101 SET @OLD_CHARACTER_SET_RESULTS=@@CHARACTER_SET_RESULTS */;
/*!40101 SET @OLD_COLLATION_CONNECTION=@@COLLATION_CONNECTION */;
/*!40101 SET NAMES utf8mb4 */;

--
-- Database: `yns`
--

-- --------------------------------------------------------

--
-- Table structure for table `departments`
--

CREATE TABLE `departments` (
  `id` int(11) NOT NULL,
  `name` varchar(255) NOT NULL
) ENGINE=InnoDB DEFAULT CHARSET=utf8mb4;

--
-- Dumping data for table `departments`
--

INSERT INTO `departments` (`id`, `name`) VALUES
(1, 'Exective'),
(2, 'Admin'),
(3, 'Sales'),
(4, 'Development'),
(5, 'Design'),
(6, 'Marketing');

-- --------------------------------------------------------

--
-- Table structure for table `employees`
--

CREATE TABLE `employees` (
  `id` int(11) NOT NULL,
  `first_name` varchar(255) NOT NULL,
  `last_name` varchar(255) NOT NULL,
  `middle_name` varchar(255) DEFAULT NULL,
  `birth_date` date NOT NULL,
  `department_id` int(11) NOT NULL,
  `hire_date` date DEFAULT NULL,
  `boss_id` int(11) NOT NULL,
  `email` varchar(255) NOT NULL,
  `password` varchar(255) DEFAULT NULL,
  `image` varchar(255) NOT NULL
) ENGINE=InnoDB DEFAULT CHARSET=utf8mb4;

--
-- Dumping data for table `employees`
--

INSERT INTO `employees` (`id`, `first_name`, `last_name`, `middle_name`, `birth_date`, `department_id`, `hire_date`, `boss_id`, `email`, `password`, `image`) VALUES
(1, 'Manabu', 'Yamazaki', '', '1976-03-15', 1, '0000-00-00', 0, '', '', ''),
(2, 'Tomohiko', 'Takasago', '', '1974-05-24', 3, '2014-04-01', 1, '', NULL, ''),
(3, 'Yuta', 'Kawakami', NULL, '1990-08-13', 4, '2014-04-01', 1, '', NULL, ''),
(4, 'Shogo', 'Kubota', NULL, '1985-01-31', 4, '2014-12-01', 1, '', NULL, ''),
(5, 'Lorraine', 'San Jose', 'P.', '1983-10-11', 2, '2015-03-10', 1, '', NULL, ''),
(6, 'Haille', 'Dela Cruz', 'A.', '1990-11-12', 3, '2015-02-15', 2, '', NULL, ''),
(7, 'Godfrey', 'Sarmenta', 'L.', '1993-09-13', 4, '2015-01-01', 1, '', NULL, ''),
(8, 'Alex', 'Amistad', 'F.', '1988-04-14', 4, '2015-04-10', 1, '', NULL, ''),
(9, 'Hideshi', 'Ogoshi', NULL, '1983-07-15', 4, '2014-06-01', 1, '', NULL, ''),
(10, 'Kim', '', NULL, '0000-00-00', 5, '2015-08-06', 1, '', NULL, ''),
(32, 'Allan', 'Jumadiao', 'Lazada', '1995-02-01', 4, '2022-01-17', 1, 'allanjumadiao.yns@gmail.com', 'c53e479b03b3220d3d56da88c4cace20', 'upload/kitten.png');

-- --------------------------------------------------------

--
-- Table structure for table `employee_positions`
--

CREATE TABLE `employee_positions` (
  `id` int(11) NOT NULL,
  `employee_id` int(11) NOT NULL,
  `position_id` int(11) NOT NULL
) ENGINE=InnoDB DEFAULT CHARSET=utf8mb4;

--
-- Dumping data for table `employee_positions`
--

INSERT INTO `employee_positions` (`id`, `employee_id`, `position_id`) VALUES
(1, 1, 1),
(2, 1, 2),
(3, 1, 3),
(4, 2, 4),
(5, 3, 5),
(6, 4, 5),
(7, 5, 5),
(8, 6, 5),
(9, 7, 5),
(10, 8, 5),
(11, 9, 5),
(12, 10, 5),
(13, 32, 5);

-- --------------------------------------------------------

--
-- Table structure for table `positions`
--

CREATE TABLE `positions` (
  `id` int(11) NOT NULL,
  `name` varchar(100) NOT NULL
) ENGINE=InnoDB DEFAULT CHARSET=utf8mb4;

--
-- Dumping data for table `positions`
--

INSERT INTO `positions` (`id`, `name`) VALUES
(1, 'CEO'),
(2, 'CTO'),
(3, 'CFO'),
(4, 'Manager'),
(5, 'Staff');

--
-- Indexes for dumped tables
--

--
-- Indexes for table `departments`
--
ALTER TABLE `departments`
  ADD PRIMARY KEY (`id`);

--
-- Indexes for table `employees`
--
ALTER TABLE `employees`
  ADD PRIMARY KEY (`id`);

--
-- Indexes for table `employee_positions`
--
ALTER TABLE `employee_positions`
  ADD PRIMARY KEY (`id`);

--
-- Indexes for table `positions`
--
ALTER TABLE `positions`
  ADD PRIMARY KEY (`id`);

--
-- AUTO_INCREMENT for dumped tables
--

--
-- AUTO_INCREMENT for table `departments`
--
ALTER TABLE `departments`
  MODIFY `id` int(11) NOT NULL AUTO_INCREMENT, AUTO_INCREMENT=7;

--
-- AUTO_INCREMENT for table `employees`
--
ALTER TABLE `employees`
  MODIFY `id` int(11) NOT NULL AUTO_INCREMENT, AUTO_INCREMENT=33;

--
-- AUTO_INCREMENT for table `employee_positions`
--
ALTER TABLE `employee_positions`
  MODIFY `id` int(11) NOT NULL AUTO_INCREMENT, AUTO_INCREMENT=14;

--
-- AUTO_INCREMENT for table `positions`
--
ALTER TABLE `positions`
  MODIFY `id` int(11) NOT NULL AUTO_INCREMENT, AUTO_INCREMENT=6;
COMMIT;

/*!40101 SET CHARACTER_SET_CLIENT=@OLD_CHARACTER_SET_CLIENT */;
/*!40101 SET CHARACTER_SET_RESULTS=@OLD_CHARACTER_SET_RESULTS */;
/*!40101 SET COLLATION_CONNECTION=@OLD_COLLATION_CONNECTION */;
